{
  "name": "Gemma-3-270M",
  "exp_name": "gemma_3_270m_rdxe",
  "ref_yaml": "${LLMFORGE_DIR:-$HOME/llmforge}/reference_archs/gemma_3_270m.yaml",
  "globals": {
    "n_embd": 640,
    "block_size": 512,
    "use_concat_heads": true,
    "layer_mask": [
      true,
      true,
      true,
      true,
      true,
      true,
      true,
      true,
      true,
      true,
      true,
      true,
      true,
      true,
      true,
      true,
      true,
      true
    ]
  },
  "n_active_layers": 18,
  "params_M_est": 100.27008,
  "config": {
    "prefill_len": 256,
    "decode_len": 256,
    "seq_len": 512,
    "zeus_dtype": "bf16",
    "no_kv_cache": false
  },
  "platforms_run": [
    "rdxe"
  ],
  "platform_timings_s": {
    "rdxe": 1.1305246353149414
  },
  "headline": {
    "rdxe": {
      "ttft_ms": 1.5465799999999998,
      "tpot_ms": 0.94701,
      "energy_per_token_uJ": 54.76197949439999,
      "power_W": 0.057826189263471335
    }
  },
  "analytical": {
    "params_M": 132.43456,
    "params": 132.43456,
    "flops_per_token": 219488256.0,
    "kv_cache_bytes": 4718592,
    "kv_cache_MB": 4.718592
  },
  "hw": {
    "rdxe": {
      "ttft": 0.0015465799999999999,
      "tpot": 0.00094701,
      "ttft_ms": 1.5465799999999998,
      "tpot_ms": 0.94701,
      "energy_per_token_uJ": 54.76197949439999,
      "session_e_per_tok_uJ": 60.86516868479998,
      "total_area_mm2": 454.72,
      "power_W": 0.057826189263471335,
      "mac_util_pct": 48.56046065259117,
      "n_chips": 4,
      "chip_macs": 16384,
      "selected_mac_per_vac": 16,
      "selected_max_chips": 8,
      "selected_wmem_KB": 24,
      "envelope_feasible": true,
      "tokens_per_second": 4223.8202342108325,
      "inter_chip_comm_energy_uJ": 0.01536,
      "pipeline_depth": 4,
      "chip_pareto": [
        {
          "sweep_mac_per_vac": 64,
          "sweep_max_chips": 8,
          "sweep_wmem_per_core_KB": 24,
          "ttft_ms": 1.0963399999999999,
          "tpot_ms": 0.94701,
          "per_tok_uJ": 54.76197949439999,
          "session_e_per_tok_uJ": 60.86516868479998,
          "total_area_mm2": 454.72,
          "power_W": 0.057826189263471335,
          "mac_util_pct": 12.140115163147792,
          "n_chips": 4,
          "chip_macs": 65536
        }
      ]
    }
  },
  "errors": {}
}