{
  "name": "Gen40-real-Best-106M",
  "exp_name": "gen40_real_best_106m_rdxe",
  "ref_yaml": "${LLMFORGE_DIR:-$HOME/llmforge}/reference_archs/gen40_real_best_106m.yaml",
  "globals": {
    "n_embd": 576,
    "block_size": 1024,
    "use_concat_heads": true,
    "layer_mask": [
      true,
      true,
      true,
      true,
      true,
      true,
      true,
      true,
      true,
      true,
      true,
      true,
      true,
      true,
      true,
      true,
      true,
      true,
      true,
      true
    ],
    "mlp_variant": "swiglu"
  },
  "n_active_layers": 20,
  "params_M_est": 78.299136,
  "config": {
    "prefill_len": 256,
    "decode_len": 256,
    "seq_len": 512,
    "zeus_dtype": "bf16",
    "no_kv_cache": false
  },
  "platforms_run": [
    "rdxe"
  ],
  "platform_timings_s": {
    "rdxe": 1.2927045822143555
  },
  "headline": {
    "rdxe": {
      "ttft_ms": 1.12737,
      "tpot_ms": 0.38101999999999997,
      "energy_per_token_uJ": 14.347730943999998,
      "power_W": 0.03765610976851609
    }
  },
  "analytical": {
    "params_M": 106.214976,
    "params": 106.214976,
    "flops_per_token": 341086208.0,
    "kv_cache_bytes": 5636096,
    "kv_cache_MB": 5.636096
  },
  "hw": {
    "rdxe": {
      "ttft": 0.00112737,
      "tpot": 0.00038102,
      "ttft_ms": 1.12737,
      "tpot_ms": 0.38101999999999997,
      "energy_per_token_uJ": 14.347730943999998,
      "session_e_per_tok_uJ": 16.277469248,
      "total_area_mm2": 142.10000000000002,
      "power_W": 0.03765610976851609,
      "mac_util_pct": 63.061564059900164,
      "n_chips": 5,
      "chip_macs": 4096,
      "selected_mac_per_vac": 16,
      "selected_max_chips": 8,
      "selected_wmem_KB": 24,
      "envelope_feasible": true,
      "tokens_per_second": 13122.670725946145,
      "inter_chip_comm_energy_uJ": 0.018432,
      "pipeline_depth": 5,
      "chip_pareto": [
        {
          "sweep_mac_per_vac": 64,
          "sweep_max_chips": 8,
          "sweep_wmem_per_core_KB": 24,
          "ttft_ms": 0.56694,
          "tpot_ms": 0.38101999999999997,
          "per_tok_uJ": 14.347730943999998,
          "session_e_per_tok_uJ": 16.277469248,
          "total_area_mm2": 142.10000000000002,
          "power_W": 0.03765610976851609,
          "mac_util_pct": 15.765391014975041,
          "n_chips": 5,
          "chip_macs": 16384
        }
      ]
    }
  },
  "errors": {}
}