{
  "name": "SmolLM2-135M",
  "exp_name": "smollm2_135m_hw_all",
  "ref_yaml": "${LLMFORGE_DIR:-$HOME/llmforge}/reference_archs/smollm2_135m.yaml",
  "globals": {
    "n_embd": 576,
    "block_size": 512,
    "use_concat_heads": true,
    "layer_mask": [
      true,
      true,
      true,
      true,
      true,
      true,
      true,
      true,
      true,
      true,
      true,
      true,
      true,
      true,
      true,
      true,
      true,
      true,
      true,
      true,
      true,
      true,
      true,
      true,
      true,
      true,
      true,
      true,
      true,
      true
    ]
  },
  "n_active_layers": 30,
  "params_M_est": 106.16832,
  "config": {
    "prefill_len": 256,
    "decode_len": 256,
    "seq_len": 512,
    "zeus_dtype": "bf16",
    "no_kv_cache": false
  },
  "platforms_run": [
    "zeus",
    "timeloop_eyeriss",
    "timeloop_simba",
    "timeloop_gemmini",
    "timeloop_flat_edge",
    "timeloop_dxe_relaxed",
    "rdxe"
  ],
  "platform_timings_s": {
    "zeus": 34.06795334815979,
    "timeloop_eyeriss": 0.3789680004119873,
    "timeloop_simba": 0.2976069450378418,
    "timeloop_gemmini": 0.27773118019104004,
    "timeloop_flat_edge": 0.2863650321960449,
    "timeloop_dxe_relaxed": 0.3088250160217285,
    "rdxe": 1.0579452514648438
  },
  "headline": {
    "zeus": {
      "ttft_ms": 30.90691566467285,
      "tpot_ms": 23.208653554320335,
      "energy_per_token_uJ": 1401128.9062327705,
      "power_W": 59.34754720868433
    },
    "timeloop_eyeriss": {
      "ttft_ms": 125.29872,
      "tpot_ms": 20.56755,
      "energy_per_token_uJ": 2726.9206846875
    },
    "timeloop_simba": {
      "ttft_ms": 53.41392,
      "tpot_ms": 20.56761,
      "energy_per_token_uJ": 3132.3534196875
    },
    "timeloop_gemmini": {
      "ttft_ms": 68.34516,
      "tpot_ms": 20.568929999999998,
      "energy_per_token_uJ": 3034.5279112499998
    },
    "timeloop_flat_edge": {
      "ttft_ms": 15.771740399999997,
      "tpot_ms": 3.2910348000000003,
      "energy_per_token_uJ": 2736.7310990625
    },
    "timeloop_dxe_relaxed": {
      "ttft_ms": 11.81904,
      "tpot_ms": 21.85587,
      "energy_per_token_uJ": 2876.1174459374997
    },
    "rdxe": {
      "ttft_ms": 3.99615,
      "tpot_ms": 3.20936,
      "energy_per_token_uJ": 56.582489088,
      "power_W": 0.017630458748161628
    }
  },
  "analytical": {
    "params_M": 135.116352,
    "params": 135.116352,
    "flops_per_token": 218327040.0,
    "kv_cache_bytes": 5898240,
    "kv_cache_MB": 5.89824
  },
  "hw": {
    "zeus": {
      "ttft": 0.03090691566467285,
      "tpot": 0.023208653554320335,
      "ttft_ms": 30.90691566467285,
      "tpot_ms": 23.208653554320335,
      "energy_per_token_uJ": 1401128.9062327705,
      "session_e_per_tok_uJ": 703700.185714988,
      "power_W": 59.34754720868433,
      "envelope_feasible": true,
      "zeus_prefill_energy_J": 1.605495090484619,
      "zeus_decode_energy_J": 358.68899999558926,
      "zeus_decode_len": 256,
      "zeus_prefill_len": 256,
      "zeus_dtype": "bf16",
      "zeus_kv_cache_used": true,
      "zeus_kv_cache_skip": null
    },
    "timeloop_eyeriss": {
      "energy_uJ": 1396183.39056,
      "cycles": 5390591520.0,
      "total_ops": 86006574720.0,
      "total_memory_accesses": 21381292800.0,
      "fusion_saved_energy_uJ": 12661.30944,
      "fusion_saved_cycles": 49458240.0,
      "energy_per_token_uJ": 2726.9206846875,
      "cycles_per_token": 10528499.0625,
      "token_delay": 0.0105284990625,
      "edp": 752625434.5517584,
      "prefill_energy_uJ": 24545.71248,
      "prefill_cycles": 125298720.0,
      "ttft": 0.12529872,
      "decode_energy_uJ": 5357.95968,
      "decode_cycles": 20567550.0,
      "tpot": 0.02056755
    },
    "timeloop_simba": {
      "energy_uJ": 1603764.95088,
      "cycles": 5318722080.0,
      "total_ops": 86006574720.0,
      "total_memory_accesses": 21381292800.0,
      "fusion_saved_energy_uJ": 15209.349119999999,
      "fusion_saved_cycles": 59411520.0,
      "energy_per_token_uJ": 3132.3534196875,
      "cycles_per_token": 10388129.0625,
      "token_delay": 0.0103881290625,
      "edp": 852998005.5375571,
      "prefill_energy_uJ": 63781.67280000001,
      "prefill_cycles": 53413920.0,
      "ttft": 0.05341392,
      "decode_energy_uJ": 6015.559679999999,
      "decode_cycles": 20567610.0,
      "tpot": 0.02056761
    },
    "timeloop_gemmini": {
      "energy_uJ": 1553678.2905599999,
      "cycles": 5333991240.0,
      "total_ops": 86006574720.0,
      "total_memory_accesses": 21381292800.0,
      "fusion_saved_energy_uJ": 12661.30944,
      "fusion_saved_cycles": 49458240.0,
      "energy_per_token_uJ": 3034.5279112499998,
      "cycles_per_token": 10417951.640625,
      "token_delay": 0.010417951640625,
      "edp": 828730639.1625214,
      "prefill_energy_uJ": 28824.61248,
      "prefill_cycles": 68345160.0,
      "ttft": 0.06834516,
      "decode_energy_uJ": 5956.45968,
      "decode_cycles": 20568930.0,
      "tpot": 0.02056893
    },
    "timeloop_flat_edge": {
      "energy_uJ": 1401206.32272,
      "cycles": 858276649.2,
      "total_ops": 86006574720.0,
      "total_memory_accesses": 21381292800.0,
      "fusion_saved_energy_uJ": 15114.97728,
      "fusion_saved_cycles": 9446860.8,
      "energy_per_token_uJ": 2736.7310990625,
      "cycles_per_token": 1676321.58046875,
      "token_delay": 0.00167632158046875,
      "edp": 120262266.75019754,
      "prefill_energy_uJ": 8371.84464,
      "prefill_cycles": 15771740.399999999,
      "ttft": 0.015771740399999998,
      "decode_energy_uJ": 5440.75968,
      "decode_cycles": 3291034.8000000003,
      "tpot": 0.0032910348000000002
    },
    "timeloop_dxe_relaxed": {
      "energy_uJ": 1472572.1323199999,
      "cycles": 5606921760.0,
      "total_ops": 91288448640.0,
      "total_memory_accesses": 22710608640.0,
      "fusion_saved_energy_uJ": 12912.96768,
      "fusion_saved_cycles": 50441280.0,
      "energy_per_token_uJ": 2876.1174459374997,
      "cycles_per_token": 10951019.0625,
      "token_delay": 0.0109510190625,
      "edp": 825659673.1874605,
      "prefill_energy_uJ": 11895.483360000002,
      "prefill_cycles": 11819040.0,
      "ttft": 0.01181904,
      "decode_energy_uJ": 5705.76816,
      "decode_cycles": 21855870.0,
      "tpot": 0.02185587,