{
  "arch": "SmolLM2-360M",
  "n_active": 32,
  "workload": {
    "prefill_len": 256,
    "decode_len": 256,
    "dtype": "bf16",
    "kv_cache": true,
    "n_repeats_per_run": 1,
    "warmup_per_run": 1
  },
  "n_runs": 10,
  "reps": {
    "ttft_ms": [
      34.91401672363281,
      28.06830406188965,
      27.217626571655273,
      26.632070541381836,
      26.88288688659668,
      26.194334030151367,
      27.66728401184082,
      31.872987747192383,
      30.0295352935791,
      27.684450149536133
    ],
    "tpot_ms": [
      23.99800531566143,
      24.040219374001026,
      24.34666734188795,
      24.330981075763702,
      24.1199703887105,
      23.960918188095093,
      24.307568557560444,
      24.164149537682533,
      24.33492336422205,
      24.24046490341425
    ],
    "power_W": [
      61.68009379353082,
      61.67675232951519,
      61.867906706574296,
      61.903779496625326,
      62.4898738237839,
      61.94934891784541,
      61.985098497692704,
      62.4123196503492,
      61.95667497945324,
      62.20245413055348
    ],
    "energy_per_token_uJ": [
      1480199.2187276483,
      1482722.656277474,
      1506277.343723923,
      1506179.68745064,
      1507253.906223923,
      1484363.2812262513,
      1506707.0312798023,
      1508140.62502468,
      1507710.9375270084,
      1507816.4062579162
    ]
  },
  "summary": {
    "ttft_ms": {
      "mean": 28.716349601745605,
      "std": 2.7688295742859843,
      "stderr": 0.8755807907578091,
      "rel_pct": 3.0490671791535244
    },
    "tpot_ms": {
      "mean": 24.184386804699898,
      "std": 0.1486323420643397,
      "stderr": 0.04700167348885663,
      "rel_pct": 0.19434717889858805
    },
    "power_W": {
      "mean": 62.01243023259235,
      "std": 0.27641095222649387,
      "stderr": 0.08740881792517106,
      "rel_pct": 0.14095370492226078
    },
    "energy_per_token_uJ": {
      "mean": 1499737.1093719266,
      "std": 12001.920909791865,
      "stderr": 3795.3406372142563,
      "rel_pct": 0.253067061786829
    }
  }
}