method,spearman,kendall,mae,k1pct,k2pct,k5pct,top1pct_mae
Paper-Net (MLP),0.9992789599191634,0.9774456815617637,0.05080665647983551,45,118,271,0.04427661746740341
