method,spearman,kendall,mae,k1pct,k2pct,k5pct,top1pct_mae
V1 (Ours),0.9993063689222362,0.9788723807770904,0.0451677143573761,33,83,199,0.04988810047507286
Random Forest,0.977236020793885,0.8674646515348869,0.07911819739913939,415,609,842,0.21229984245300304
MLP (sklearn),0.9152063997536034,0.7201580083128156,0.7264446020126343,801,969,1035,0.6616771221160889
